<?xml version="1.0" encoding="UTF-8"?><idempiere Name="Data Extractor" Version="1.0.12" idempiereVersion="" DataBaseVersion="" Description="" Author="" AuthorEmail="" CreatedDate="2023-12-21 13:57:05.359" UpdatedDate="2023-12-21 13:57:05.359" PackOutVersion="100" UpdateDictionary="false" Client="0-SYSTEM-System" AD_Client_UU="11237b53-9592-4af1-b3c5-afd216514b5d">
    <AD_Reference type="table">
        <AD_Client_ID>0</AD_Client_ID>
        <AD_Org_ID>0</AD_Org_ID>
        <Name>Data Type</Name>
        <Description/>
        <Help/>
        <ValidationType>L</ValidationType>
        <AD_Org_ID reference="id">0</AD_Org_ID>
        <IsActive>Y</IsActive>
        <VFormat/>
        <EntityType>DEX</EntityType>
        <IsOrderByValue>N</IsOrderByValue>
        <AD_Reference_UU>65c72015-9f91-4284-b5db-18ec007a95d8</AD_Reference_UU>
        <AD_Element_ID reference="id"/>
        <ShowInactive>N</ShowInactive>
        <AD_Reference_Trl type="translation">
            <Description/>
            <Help/>
            <Name>Data Type</Name>
            <AD_Language>es_CO</AD_Language>
            <IsActive>Y</IsActive>
            <IsTranslated>N</IsTranslated>
        </AD_Reference_Trl>
        <AD_Ref_List type="table">
            <AD_Client_ID>0</AD_Client_ID>
            <AD_Org_ID>0</AD_Org_ID>
            <Name>String</Name>
            <Description/>
            <AD_Reference_ID reference="uuid" reference-key="AD_Reference">65c72015-9f91-4284-b5db-18ec007a95d8</AD_Reference_ID>
            <ValidFrom/>
            <ValidTo/>
            <Value>S</Value>
            <AD_Org_ID reference="id">0</AD_Org_ID>
            <IsActive>Y</IsActive>
            <EntityType>DEX</EntityType>
            <AD_Ref_List_UU>ec97466c-5adf-4723-8b15-26de079dcb66</AD_Ref_List_UU>
            <AD_Ref_List_Trl type="translation">
                <Description/>
                <Name>String</Name>
                <AD_Language>es_CO</AD_Language>
                <IsActive>Y</IsActive>
                <IsTranslated>N</IsTranslated>
            </AD_Ref_List_Trl>
        </AD_Ref_List>
        <AD_Ref_List type="table">
            <AD_Client_ID>0</AD_Client_ID>
            <AD_Org_ID>0</AD_Org_ID>
            <Name>Number</Name>
            <Description/>
            <AD_Reference_ID reference="uuid" reference-key="AD_Reference">65c72015-9f91-4284-b5db-18ec007a95d8</AD_Reference_ID>
            <ValidFrom/>
            <ValidTo/>
            <Value>N</Value>
            <AD_Org_ID reference="id">0</AD_Org_ID>
            <IsActive>Y</IsActive>
            <EntityType>DEX</EntityType>
            <AD_Ref_List_UU>4c8fca42-a32e-4aa5-abc4-90295308133a</AD_Ref_List_UU>
            <AD_Ref_List_Trl type="translation">
                <Description/>
                <Name>Number</Name>
                <AD_Language>es_CO</AD_Language>
                <IsActive>Y</IsActive>
                <IsTranslated>N</IsTranslated>
            </AD_Ref_List_Trl>
        </AD_Ref_List>
        <AD_Ref_List type="table">
            <AD_Client_ID>0</AD_Client_ID>
            <AD_Org_ID>0</AD_Org_ID>
            <Name>Blob</Name>
            <Description/>
            <AD_Reference_ID reference="uuid" reference-key="AD_Reference">65c72015-9f91-4284-b5db-18ec007a95d8</AD_Reference_ID>
            <ValidFrom/>
            <ValidTo/>
            <Value>B</Value>
            <AD_Org_ID reference="id">0</AD_Org_ID>
            <IsActive>Y</IsActive>
            <EntityType>DEX</EntityType>
            <AD_Ref_List_UU>a4511a3f-2748-48b6-977d-1b141605ed74</AD_Ref_List_UU>
            <AD_Ref_List_Trl type="translation">
                <Description/>
                <Name>Blob</Name>
                <AD_Language>es_CO</AD_Language>
                <IsActive>Y</IsActive>
                <IsTranslated>N</IsTranslated>
            </AD_Ref_List_Trl>
        </AD_Ref_List>
    </AD_Reference>
</idempiere>
