<?xml version="1.0" encoding="UTF-8"?><idempiere Name="Data Extractor" Version="1.0.8" idempiereVersion="" DataBaseVersion="" Description="" Author="" AuthorEmail="" CreatedDate="2023-12-08 07:06:36.517" UpdatedDate="2023-12-08 07:06:36.517" PackOutVersion="100" UpdateDictionary="false" Client="0-SYSTEM-System" AD_Client_UU="11237b53-9592-4af1-b3c5-afd216514b5d">
    <DEX_Processor type="table">
        <AD_Client_ID>0</AD_Client_ID>
        <AD_Org_ID>0</AD_Org_ID>
        <AD_Org_ID reference="id">0</AD_Org_ID>
        <IsActive>Y</IsActive>
        <DEX_Processor_UU>48b29a7a-3bbf-4330-b8fd-c78ab599be5c</DEX_Processor_UU>
        <Value>1000000</Value>
        <Name>SQLite</Name>
        <Classname>com.cloudempiere.dataextractor.processor.SQLiteExtractor</Classname>
    </DEX_Processor>
    <DEX_Processor type="table">
        <AD_Client_ID>0</AD_Client_ID>
        <AD_Org_ID>0</AD_Org_ID>
        <AD_Org_ID reference="id">0</AD_Org_ID>
        <IsActive>Y</IsActive>
        <DEX_Processor_UU>bc82e6e2-c5a1-4b5d-85ac-697547e63f66</DEX_Processor_UU>
        <Value>XML</Value>
        <Name>XML</Name>
        <Classname>com.cloudempiere.dataextractor.processor.XMLExtractor</Classname>
    </DEX_Processor>
</idempiere>
