<?xml version="1.0" encoding="UTF-8"?><idempiere Name="Data Extractor" Version="1.0.2" idempiereVersion="" DataBaseVersion="" Description="" Author="" AuthorEmail="" CreatedDate="2023-11-29 12:25:17.584" UpdatedDate="2023-11-29 12:25:17.584" PackOutVersion="100" UpdateDictionary="false" Client="0-SYSTEM-System" AD_Client_UU="11237b53-9592-4af1-b3c5-afd216514b5d">
    <DEX_Processor type="table">
        <AD_Client_ID>0</AD_Client_ID>
        <AD_Org_ID>0</AD_Org_ID>
        <AD_Org_ID reference="id">0</AD_Org_ID>
        <IsActive>Y</IsActive>
        <DEX_Processor_UU>48b29a7a-3bbf-4330-b8fd-c78ab599be5c</DEX_Processor_UU>
        <Value>1000000</Value>
        <Name>SQLite</Name>
        <Classname>com.cloudempiere.dataextractor.processor.SQLiteExtractor</Classname>
    </DEX_Processor>
</idempiere>
